[1,["20g1ukYUVPvKWKBRznAKo+@f9941","49celTZflL/oicdwDpMXnC@f9941","54TknWPwVPqJqeCR+Y/Czo@f9941","95EkngnxZFbYuFpsqVTaFr@f9941","87LClh71ZFULUMPcux75uJ@f9941","86vqfUDC1FH6gFkWOjl1to@f9941","1fHNRl5nNMc6vcoZMRQUbJ@f9941","96ylHxhM9GCJaKC8wmhkc8@f9941","1cZEluhm9FQ6a4QcnA+zGA@f9941","53o8/HQFZCxbtHOIaTIMFV@f9941","1cZEluhm9FQ6a4QcnA+zGA@6c48a","1fHNRl5nNMc6vcoZMRQUbJ@6c48a","20g1ukYUVPvKWKBRznAKo+@6c48a","49celTZflL/oicdwDpMXnC@6c48a","53o8/HQFZCxbtHOIaTIMFV@6c48a","54TknWPwVPqJqeCR+Y/Czo@6c48a","86vqfUDC1FH6gFkWOjl1to@6c48a","87LClh71ZFULUMPcux75uJ@6c48a","95EkngnxZFbYuFpsqVTaFr@6c48a","96ylHxhM9GCJaKC8wmhkc8@6c48a"],["node","_textureSource","_spriteFrame","_normalSprite","_hoverSprite","_pressedSprite","_disabledSprite","_cameraComponent","resultLabel","rollButton","betXiuButton","betTaiButton","scene","_parent"],["cc.SpriteFrame",["cc.Node",["_name","_layer","_id","_objFlags","_components","_parent","_lpos","_children","_lrot","_euler"],-1,9,1,5,2,5,5],["cc.Node",["_name","_layer","_parent","_components","_lpos","_children"],1,1,12,5,2],["cc.Sprite",["_sizeMode","_type","node","_spriteFrame","_color"],1,1,6,5],["cc.Label",["_string","_actualFontSize","_fontSize","_enableWrapText","_overflow","node","_color"],-2,1,5],["cc.Camera",["_visibility","_projection","_priority","_orthoHeight","_far","_clearFlags","node","_color"],-3,1,5],["cc.SceneAsset",["_name"],2],["cc.Node",["_name","_parent","_components","_lpos"],2,1,2,5],["cc.UITransform",["node","_contentSize"],3,1,5],["cc.Canvas",["node","_cameraComponent"],3,1,1],["cc.Widget",["_alignFlags","node"],2,1],["4d254AvktJI6b/xNbcuDxqE",["node","betTaiButton","betXiuButton","rollButton","resultLabel","diceSprites","diceFrames"],3,1,1,1,1,1,2,3],["cc.Layout",["_resizeMode","_layoutType","_spacingX","_isAlign","node"],-1,1],["cc.Scene",["_name","_children","_globals"],2,2,4],["cc.SceneGlobals",["ambient","shadows","_skybox","fog","octree"],3,4,4,4,4,4],["cc.AmbientInfo",["_skyColorHDR","_groundAlbedoHDR"],3,5,5],["cc.ShadowsInfo",["_near","_far","_shadowColor"],1,5],["cc.SkyboxInfo",[],3],["cc.FogInfo",[],3],["cc.OctreeInfo",[],3],["cc.Button",["_transition","node","_normalColor","_target"],2,1,5,1]],[[8,0,1,1],[1,0,3,1,5,4,4],[2,0,1,2,5,3,4,3],[2,0,1,2,3,4,3],[3,1,0,2,4,3,3],[3,0,2,2],[20,0,1,2,3,2],[4,0,1,2,4,3,5,6,6],[6,0,2],[1,0,1,2,7,4,6,4],[1,0,1,5,7,4,6,3],[1,0,1,5,4,3],[1,0,2,5,4,6,8,9,3],[2,0,1,2,3,3],[7,0,1,2,3,2],[9,0,1,1],[10,0,1,2],[11,0,1,2,3,4,5,6,1],[3,0,2,3,2],[12,0,1,2,3,4,5],[13,0,1,2,2],[14,0,1,2,3,4,1],[15,0,1,1],[16,0,1,2,3],[17,1],[18,1],[19,1],[4,0,1,2,3,5,6,5],[4,0,1,2,4,5,5],[5,0,6,2],[5,1,2,3,4,5,0,6,7,7]],[[[[8,"scene"],[9,"Canvas",33554432,"042LGwvGtAQaxE4M4da3Yv",[-13,-14,-15,-16,-17,-18,-19],[[0,-1,[5,640,960]],[15,-3,-2],[16,45,-4],[17,-12,-11,-10,-9,-8,[-5,-6,-7],[4,5,6,7,8,9]]],[1,320,480,0]],[2,"RollButton",33554432,1,[-23],[[[0,-20,[5,200,50]],[4,1,0,-21,[4,4285071359],1],-22],4,4,1],[1,0,-114.209,0]],[10,"DiceLayout",33554432,1,[-26,-27,-28],[[0,-24,[5,550,300]],[19,1,1,50,true,-25]],[1,0,106.483,0]],[2,"BetTaiButton",33554432,1,[-32],[[[0,-29,[5,240,70]],[4,1,0,-30,[4,4289572351],2],-31],4,4,1],[1,150,-302.925,0]],[2,"BetXiuButton",33554432,1,[-36],[[[0,-33,[5,240,70]],[4,1,0,-34,[4,4291100593],3],-35],4,4,1],[1,-150,-302.925,0]],[20,"scene",[-37,1],[21,[22,[2,0,0,0,0.520833125],[2,0,0,0,0]],[23,1,30,[4,4283190348]],[24],[25],[26]]],[11,"BackGround",33554432,1,[[0,-38,[5,640,960]],[18,0,-39,0]]],[1,"Label",512,33554432,2,[[0,-40,[5,60.29,50.4]],[27,"Roll",35,35,false,-41,[4,4278190080]]]],[3,"ResultLabel",33554432,1,[[[0,-42,[5,640,104.77199999999999]],-43],4,1],[1,0,341.1825,0]],[3,"DiceSprite1",33554432,3,[[[0,-44,[5,150,150]],-45],4,1],[1,-200,0,0]],[13,"DiceSprite2",33554432,3,[[[0,-46,[5,150,150]],-47],4,1]],[3,"DiceSprite3",33554432,3,[[[0,-48,[5,150,150]],-49],4,1],[1,200,0,0]],[1,"Label",512,33554432,4,[[0,-50,[5,100,40]],[7,"Tai",50,50,1,false,-51,[4,4278190080]]]],[1,"Label",512,33554432,5,[[0,-52,[5,100,40]],[7,"Xiu",50,50,1,false,-53,[4,4278190080]]]],[12,"Main Camera","c9DMICJLFO5IeO07EPon7U",6,[[29,1822425087,-54]],[1,-10,10,10],[3,-0.27781593799591064,-0.36497166752815247,-0.11507512629032135,0.8811195492744446],[1,-35,-45,0]],[14,"Camera",1,[-55],[1,0,0,1000]],[30,0,1073741824,480,2000,6,41943040,16,[4,4278190080]],[6,2,2,[4,4292269782],2],[28,"",30,30,1,9],[5,0,10],[5,0,11],[5,0,12],[6,2,4,[4,4292269782],4],[6,2,5,[4,4292269782],5]],0,[0,0,1,0,7,17,0,0,1,0,0,1,0,-1,20,0,-2,21,0,-3,22,0,8,19,0,9,18,0,10,24,0,11,23,0,0,1,0,-1,16,0,-2,7,0,-3,2,0,-4,9,0,-5,3,0,-6,4,0,-7,5,0,0,2,0,0,2,0,-3,18,0,-1,8,0,0,3,0,0,3,0,-1,10,0,-2,11,0,-3,12,0,0,4,0,0,4,0,-3,23,0,-1,13,0,0,5,0,0,5,0,-3,24,0,-1,14,0,-1,15,0,0,7,0,0,7,0,0,8,0,0,8,0,0,9,0,-2,19,0,0,10,0,-2,20,0,0,11,0,-2,21,0,0,12,0,-2,22,0,0,13,0,0,13,0,0,14,0,0,14,0,0,15,0,-1,17,0,12,6,1,13,6,55],[0,0,0,0,0,0,0,0,0,0,18,18,18,18,20,21,22,23,23,23,23,24,24,24,24],[2,2,2,2,-1,-2,-3,-4,-5,-6,3,4,5,6,2,2,2,3,4,5,6,3,4,5,6],[4,0,0,0,1,5,6,7,8,9,0,0,2,3,1,1,1,0,0,2,3,0,0,2,3]],[[{"name":"5","rect":{"x":0,"y":0,"width":24,"height":24},"offset":{"x":0,"y":0},"originalSize":{"width":24,"height":24},"rotated":false,"capInsets":[0,0,0,0],"packable":true}],[0],0,[0],[1],[10]],[[{"name":"3","rect":{"x":0,"y":0,"width":24,"height":24},"offset":{"x":0,"y":0},"originalSize":{"width":24,"height":24},"rotated":false,"capInsets":[0,0,0,0],"packable":true}],[0],0,[0],[1],[11]],[[{"name":"default_btn_normal","rect":{"x":0,"y":0,"width":40,"height":40},"offset":{"x":0,"y":0},"originalSize":{"width":40,"height":40},"rotated":false,"capInsets":[12,12,12,12],"packable":true}],[0],0,[0],[1],[12]],[[{"name":"1","rect":{"x":0,"y":0,"width":24,"height":24},"offset":{"x":0,"y":0},"originalSize":{"width":24,"height":24},"rotated":false,"capInsets":[0,0,0,0],"packable":true}],[0],0,[0],[1],[13]],[[{"name":"6","rect":{"x":0,"y":0,"width":24,"height":24},"offset":{"x":0,"y":0},"originalSize":{"width":24,"height":24},"rotated":false,"capInsets":[0,0,0,0],"packable":true}],[0],0,[0],[1],[14]],[[{"name":"default_btn_pressed","rect":{"x":0,"y":0,"width":40,"height":40},"offset":{"x":0,"y":0},"originalSize":{"width":40,"height":40},"rotated":false,"capInsets":[12,12,12,12],"packable":true}],[0],0,[0],[1],[15]],[[{"name":"2","rect":{"x":0,"y":0,"width":24,"height":24},"offset":{"x":0,"y":0},"originalSize":{"width":24,"height":24},"rotated":false,"capInsets":[0,0,0,0],"packable":true}],[0],0,[0],[1],[16]],[[{"name":"pngtree-vibrant-green-textured-billiard-cloth-image_13831785","rect":{"x":0,"y":0,"width":960,"height":538},"offset":{"x":0,"y":0},"originalSize":{"width":960,"height":538},"rotated":false,"capInsets":[0,0,0,0],"packable":true}],[0],0,[0],[1],[17]],[[{"name":"default_btn_disabled","rect":{"x":0,"y":0,"width":40,"height":40},"offset":{"x":0,"y":0},"originalSize":{"width":40,"height":40},"rotated":false,"capInsets":[12,12,12,12],"packable":true}],[0],0,[0],[1],[18]],[[{"name":"4","rect":{"x":0,"y":0,"width":24,"height":24},"offset":{"x":0,"y":0},"originalSize":{"width":24,"height":24},"rotated":false,"capInsets":[0,0,0,0],"packable":true}],[0],0,[0],[1],[19]]]]
