{"importBase":"import","nativeBase":"native","name":"main","deps":[],"uuids":["09WfT3/fBL47+70+AcoUCn","1cZEluhm9FQ6a4QcnA+zGA","1fHNRl5nNMc6vcoZMRQUbJ","20g1ukYUVPvKWKBRznAKo+","49celTZflL/oicdwDpMXnC","53o8/HQFZCxbtHOIaTIMFV","54TknWPwVPqJqeCR+Y/Czo","86vqfUDC1FH6gFkWOjl1to","87LClh71ZFULUMPcux75uJ","95EkngnxZFbYuFpsqVTaFr","96ylHxhM9GCJaKC8wmhkc8","fdjsU2o1RKF5x0TziDw3jI","0603a1300","073d85f78","08ee8e062","1cZEluhm9FQ6a4QcnA+zGA@6c48a","1cZEluhm9FQ6a4QcnA+zGA@f9941","1fHNRl5nNMc6vcoZMRQUbJ@6c48a","1fHNRl5nNMc6vcoZMRQUbJ@f9941","20g1ukYUVPvKWKBRznAKo+@6c48a","20g1ukYUVPvKWKBRznAKo+@f9941","49celTZflL/oicdwDpMXnC@6c48a","49celTZflL/oicdwDpMXnC@f9941","53o8/HQFZCxbtHOIaTIMFV@6c48a","53o8/HQFZCxbtHOIaTIMFV@f9941","54TknWPwVPqJqeCR+Y/Czo@6c48a","54TknWPwVPqJqeCR+Y/Czo@f9941","86vqfUDC1FH6gFkWOjl1to@6c48a","86vqfUDC1FH6gFkWOjl1to@f9941","87LClh71ZFULUMPcux75uJ@6c48a","87LClh71ZFULUMPcux75uJ@f9941","95EkngnxZFbYuFpsqVTaFr@6c48a","95EkngnxZFbYuFpsqVTaFr@f9941","96ylHxhM9GCJaKC8wmhkc8@6c48a","96ylHxhM9GCJaKC8wmhkc8@f9941"],"paths":{"11":["db:/internal/default_renderpipeline/builtin-forward",0]},"scenes":{"db://assets/Scene/scene.scene":0},"packs":{"0603a1300":["1","2","5","7","10","6","8","4","3","9"],"073d85f78":["15","17","23","27","33","25","29","21","19","31"],"08ee8e062":["0","16","18","20","22","24","26","28","30","32","34"]},"versions":{"import":[12,"b7647",13,"7c7f2",14,"97d09",11,"731f4"],"native":[1,"fd773",2,"4cdba",3,"90cf4",4,"13ab6",5,"456e9",6,"83fcc",7,"b1c30",8,"d0058",9,"c06a9",10,"62bde"]},"redirect":[],"debug":false,"extensionMap":{},"types":["cc.RenderPipeline"]}